Workbook

Sheet 出勤簿
A1: サンプル出勤簿 | J1: ※サンプルデータです。
C4: 組織番号 | D4: 部署名 | E4: 氏名 | F4: ﾖﾐｶﾞﾅ | G4: 入社日 | H4: 出勤日数 | I4: 9時出勤 | J4: 勤務時間 | K4: 時給
H5: =COUNTIF(L8:L38,">0") -> 0 | I5: =COUNTIF(C8:C38,"9:00:00") -> 0 | J5: =SUM(O8:O38) -> 0 | K5: 1240
A7: 日付 | B7: 曜日 | C7: 午前 | F7: 午後 | I7: 夜 | L7: 合計 | M7: 承認印
A8: 1 | B8: 月 | D8: ～ | G8: ～ | J8: ～ | L8: =$K$5*O8 -> 0 | O8: =INT(TEXT((E8-C8)+(H8-F8)+(K8-I8),"h")) -> 0
A9: 2 | B9: 火 | D9: ～ | G9: ～ | J9: ～ | L9: =$K$5*O9 -> 0 | O9: =INT(TEXT((E9-C9)+(H9-F9)+(K9-I9),"h")) -> 0
A10: 3 | B10: 水 | D10: ～ | G10: ～ | J10: ～ | L10: =$K$5*O10 -> 0 | O10: =INT(TEXT((E10-C10)+(H10-F10)+(K10-I10),"h")) -> 0
A11: 4 | B11: 木 | D11: ～ | G11: ～ | J11: ～ | L11: =$K$5*O11 -> 0 | O11: =INT(TEXT((E11-C11)+(H11-F11)+(K11-I11),"h")) -> 0
A12: 5 | B12: 金 | D12: ～ | G12: ～ | J12: ～ | L12: =$K$5*O12 -> 0 | O12: =INT(TEXT((E12-C12)+(H12-F12)+(K12-I12),"h")) -> 0
A13: 6 | B13: 土 | D13: ～ | G13: ～ | J13: ～ | L13: =$K$5*O13 -> 0 | O13: =INT(TEXT((E13-C13)+(H13-F13)+(K13-I13),"h")) -> 0
A14: 7 | B14: 日 | D14: ～ | G14: ～ | J14: ～ | L14: =$K$5*O14 -> 0 | O14: =INT(TEXT((E14-C14)+(H14-F14)+(K14-I14),"h")) -> 0
A15: 8 | B15: 月 | D15: ～ | G15: ～ | J15: ～ | L15: =$K$5*O15 -> 0 | O15: =INT(TEXT((E15-C15)+(H15-F15)+(K15-I15),"h")) -> 0
A16: 9 | B16: 火 | D16: ～ | G16: ～ | J16: ～ | L16: =$K$5*O16 -> 0 | O16: =INT(TEXT((E16-C16)+(H16-F16)+(K16-I16),"h")) -> 0
A17: 10 | B17: 水 | D17: ～ | G17: ～ | J17: ～ | L17: =$K$5*O17 -> 0 | O17: =INT(TEXT((E17-C17)+(H17-F17)+(K17-I17),"h")) -> 0
A18: 11 | B18: 木 | D18: ～ | G18: ～ | J18: ～ | L18: =$K$5*O18 -> 0 | O18: =INT(TEXT((E18-C18)+(H18-F18)+(K18-I18),"h")) -> 0
A19: 12 | B19: 金 | D19: ～ | G19: ～ | J19: ～ | L19: =$K$5*O19 -> 0 | O19: =INT(TEXT((E19-C19)+(H19-F19)+(K19-I19),"h")) -> 0
... A38: 31 | B38: 水 | D38: ～ | G38: ～ | J38: ～ | L38: =$K$5*O38 -> 0 | O38: =INT(TEXT((E38-C38)+(H38-F38)+(K38-I38),"h")) -> 0

Sheet 交通費明細書
A1: サンプル交通費明細書 | P1: ※サンプルデータです。
C3: 組織番号 | D3: =出勤簿!C5 -> 0
C4: 部署名 | D4: =出勤簿!D5 -> 0
C5: 氏名 | D5: =出勤簿!E5 -> 0
A7: 日付 | B7: 曜日 | C7: 区間 | F7: 片道/往復 | G7: 金額 | H7: 区間 | K7: 片道/往復 | L7: 金額 | M7: 区間 | P7: 片道/往復 | Q7: 金額 | R7: 合計 | S7: 承認印
A8: 1 | B8: 月 | D8: ～ | I8: ～ | N8: ～ | R8: =G8+L8+Q8 -> 0
A9: 2 | B9: 火 | D9: ～ | I9: ～ | N9: ～ | R9: =G9+L9+Q9 -> 0
A10: 3 | B10: 水 | D10: ～ | I10: ～ | N10: ～ | R10: =G10+L10+Q10 -> 0
A11: 4 | B11: 木 | D11: ～ | I11: ～ | N11: ～ | R11: =G11+L11+Q11 -> 0
A12: 5 | B12: 金 | D12: ～ | I12: ～ | N12: ～ | R12: =G12+L12+Q12 -> 0
A13: 6 | B13: 土 | D13: ～ | I13: ～ | N13: ～ | R13: =G13+L13+Q13 -> 0
A14: 7 | B14: 日 | D14: ～ | I14: ～ | N14: ～ | R14: =G14+L14+Q14 -> 0
A15: 8 | B15: 月 | D15: ～ | I15: ～ | N15: ～ | R15: =G15+L15+Q15 -> 0
A16: 9 | B16: 火 | D16: ～ | I16: ～ | N16: ～ | R16: =G16+L16+Q16 -> 0
A17: 10 | B17: 水 | D17: ～ | I17: ～ | N17: ～ | R17: =G17+L17+Q17 -> 0
A18: 11 | B18: 木 | D18: ～ | I18: ～ | N18: ～ | R18: =G18+L18+Q18 -> 0
A19: 12 | B19: 金 | D19: ～ | I19: ～ | N19: ～ | R19: =G19+L19+Q19 -> 0
... A38: 31 | B38: 水 | D38: ～ | I38: ～ | N38: ～ | R38: =G38+L38+Q38 -> 0

Sheet 支払票貼付用
B2: =出勤簿!C5 -> 0 | C2: =出勤簿!D5 -> 0 | D2: =出勤簿!E5 -> 0 | E2: =出勤簿!F5 -> 0 | F2: =出勤簿!G5 -> 0 | G2: =出勤簿!H5 -> 0 | H2: =出勤簿!I5 -> 0 | I2: =出勤簿!J5 -> 0 | ... L2: =出勤簿!M5 -> 0 | M2: =K2+L2 -> 0
